Entropy,Critic Loss,Actor Loss
4.397891521453857,54221.84765625,-0.07087869942188263
4.3964667320251465,51038.00390625,-0.050812218338251114
