Entropy,Critic Loss,Actor Loss
4.399263858795166,53762.08203125,-0.0699368566274643
4.398847579956055,50991.91796875,-0.049719613045454025
