Entropy,Critic Loss,Actor Loss
4.399913311004639,54772.4921875,-0.07018039375543594
4.398824214935303,51154.640625,-0.05051464959979057
