Entropy,Critic Loss,Actor Loss
4.40010929107666,54596.4609375,-0.06881788372993469
4.398623466491699,51086.55078125,-0.04974789544939995
