Entropy,Critic Loss,Actor Loss
5.480996608734131,53293.74609375,-0.09177623689174652
5.481076240539551,50944.2578125,-0.06318697333335876
