Entropy,Critic Loss,Actor Loss
5.486438751220703,51870.7890625,-0.08574199676513672
5.484696865081787,76650.953125,-0.06372688710689545
