Entropy,Critic Loss,Actor Loss
4.4048919677734375,52036.61328125,-0.05836174637079239
4.403879165649414,76822.046875,-0.048259612172842026
