Entropy,Critic Loss,Actor Loss
4.405523300170898,52160.82421875,-0.058702416718006134
4.40509557723999,76970.421875,-0.047280389815568924
