Entropy,Critic Loss,Actor Loss
4.405049800872803,52062.58984375,-0.05916772782802582
4.403941631317139,76875.2734375,-0.048636987805366516
