Entropy,Critic Loss,Actor Loss
4.405683994293213,52147.57421875,-0.057679884135723114
4.405377388000488,76933.296875,-0.047269824892282486
