Entropy,Critic Loss,Actor Loss
4.398461818695068,56385.4453125,-0.06106219440698624
