Entropy,Critic Loss,Actor Loss
4.40115213394165,56587.4296875,-0.060516417026519775
