Entropy,Critic Loss,Actor Loss
4.399837970733643,56516.08984375,-0.05941694974899292
