Entropy,Critic Loss,Actor Loss
4.400949001312256,56228.27734375,-0.05986599996685982
