Entropy,Critic Loss,Actor Loss
5.484253883361816,56064.97265625,-0.07601724565029144
