Entropy,Critic Loss,Actor Loss
4.400145053863525,44380.3125,-0.06948480755090714
4.398964881896973,54401.85546875,-0.0502336323261261
