Entropy,Critic Loss,Actor Loss
5.481365203857422,44370.1875,-0.08926524221897125
5.481468200683594,54408.32421875,-0.06444089114665985
