Entropy,Critic Loss,Actor Loss
4.399405002593994,44364.7734375,-0.06717219948768616
4.3980865478515625,54390.859375,-0.050709739327430725
