Entropy,Critic Loss,Actor Loss
4.3973164558410645,44355.6328125,-0.07130265980958939
4.397158622741699,54378.21875,-0.049908239394426346
