Entropy,Critic Loss,Actor Loss
4.401566982269287,44351.203125,-0.07088474184274673
4.400633335113525,54380.11328125,-0.05056571215391159
