Entropy,Critic Loss,Actor Loss
4.405126571655273,85373.7734375,-0.05631212890148163
4.404475688934326,50709.65234375,-0.04732612520456314
