Entropy,Critic Loss,Actor Loss
4.4055070877075195,77481.0078125,-0.056324783712625504
4.404893398284912,47334.53515625,-0.04696870967745781
