Entropy,Critic Loss,Actor Loss
4.405428886413574,88303.265625,-0.056942928582429886
4.405051231384277,52371.32421875,-0.046809736639261246
