Entropy,Critic Loss,Actor Loss
4.405445575714111,81729.265625,-0.05680514872074127
4.405112266540527,49028.30078125,-0.04676324129104614
