Entropy,Critic Loss,Actor Loss
5.487081527709961,72658.0390625,-0.08124940097332001
5.485933303833008,45642.94140625,-0.06252729892730713
