Entropy,Critic Loss,Actor Loss
4.962337970733643,4398.5166015625,-0.07298095524311066
4.963158130645752,2026.201171875,-0.07526895403862
4.932235240936279,2798.668701171875,-0.0714656263589859
5.0060834884643555,7269.50634765625,-0.07374528050422668
