Entropy,Critic Loss,Actor Loss
3.9964945316314697,8824.3623046875,-0.06940245628356934
3.8077619075775146,8362.0703125,-0.054131314158439636
3.9619669914245605,6386.8935546875,-0.06041094288229942
3.677910804748535,6847.20263671875,-0.05271834135055542
3.5561630725860596,5036.1396484375,-0.047432295978069305
3.902397394180298,7075.060546875,-0.05899430811405182
3.683717727661133,5716.32177734375,-0.04603637382388115
3.719682216644287,5438.17236328125,-0.048186250030994415
3.597317695617676,6290.1728515625,-0.047995664179325104
3.577755928039551,5709.04541015625,-0.04726792126893997
3.487119436264038,7472.08349609375,-0.04918491095304489
3.5157041549682617,6618.958984375,-0.042749229818582535
3.716280221939087,5493.28515625,-0.043460018932819366
3.965414524078369,5503.19873046875,-0.05113520100712776
3.643742084503174,6888.384765625,-0.04973524063825607
3.531754970550537,5866.9375,-0.0437907911837101
3.9750912189483643,6087.03125,-0.04946623742580414
3.4439661502838135,6755.89404296875,-0.043741460889577866
3.590007781982422,5540.583984375,-0.04452633112668991
3.7240114212036133,7020.12841796875,-0.04943249747157097
3.5434114933013916,8316.5634765625,-0.045903339982032776
3.5200002193450928,10599.8818359375,-0.04209520295262337
3.530306816101074,6836.42578125,-0.042251840233802795
3.45822811126709,7443.91162109375,-0.04089660570025444
3.4736945629119873,7321.4765625,-0.03832779452204704
3.381843090057373,8108.0859375,-0.04098794236779213
3.410592555999756,8125.72265625,-0.03961609676480293
3.536975622177124,8771.169921875,-0.04051543027162552
3.5260565280914307,9426.1240234375,-0.04059439152479172
3.8383214473724365,8121.39306640625,-0.0442325584590435
3.7929632663726807,8017.9541015625,-0.04327607899904251
3.7339131832122803,7095.51904296875,-0.04021249711513519
3.715811252593994,9544.9765625,-0.041647665202617645
3.4873058795928955,7948.8955078125,-0.03678474202752113
3.7434325218200684,8046.59375,-0.040486134588718414
3.7288668155670166,9034.9462890625,-0.042754221707582474
3.608991861343384,6680.154296875,-0.037746090441942215
3.6345503330230713,9608.6953125,-0.03883082792162895
3.474432945251465,6267.88427734375,-0.03635206073522568
3.7737503051757812,7900.56103515625,-0.03773783892393112
