Entropy,Critic Loss,Actor Loss
3.7532200813293457,6522.9052734375,-0.05963238328695297
3.782484531402588,8199.23046875,-0.05532144010066986
3.7774736881256104,6084.15087890625,-0.05310218036174774
3.669078826904297,6468.2783203125,-0.05245104804635048
3.6769134998321533,4324.181640625,-0.04852288216352463
3.6648433208465576,6023.93017578125,-0.0543811097741127
3.7051093578338623,4571.56103515625,-0.04815699905157089
3.6755738258361816,5453.40185546875,-0.047393083572387695
3.720210313796997,4821.07568359375,-0.0469534732401371
3.770829200744629,4588.75341796875,-0.04707595333456993
3.7080914974212646,6417.65966796875,-0.05005519837141037
3.6343870162963867,6003.8916015625,-0.04507165774703026
3.7351722717285156,4279.05712890625,-0.04603007435798645
3.7091355323791504,5208.78173828125,-0.04816877841949463
3.71024751663208,5652.33203125,-0.05155853182077408
3.6849167346954346,5356.287109375,-0.04708355292677879
3.696241617202759,5085.7802734375,-0.04487978294491768
3.6723649501800537,5705.7724609375,-0.04567921906709671
3.7340853214263916,4940.14453125,-0.044220369309186935
3.7600650787353516,6494.638671875,-0.050095461308956146
3.755556344985962,8152.748046875,-0.048928286880254745
3.763693332672119,10006.6650390625,-0.0451338104903698
3.863145112991333,6530.71923828125,-0.048930056393146515
3.8639633655548096,6802.44189453125,-0.04551681876182556
3.800961971282959,6762.4560546875,-0.04392414540052414
3.7832188606262207,7071.0869140625,-0.04574694484472275
3.810088872909546,7453.11669921875,-0.04556991159915924
3.8457517623901367,6538.064453125,-0.0460943803191185
3.877713918685913,8198.5478515625,-0.045566193759441376
3.936549663543701,7154.70703125,-0.042942922562360764
3.9090065956115723,6287.3369140625,-0.04332128167152405
3.828306198120117,6186.40869140625,-0.04106728732585907
3.8982527256011963,8947.45703125,-0.043367721140384674
3.883845090866089,6520.6533203125,-0.04352496936917305
3.9178273677825928,6558.572265625,-0.04074259102344513
3.890864133834839,7476.869140625,-0.04141124337911606
3.9212968349456787,6533.9873046875,-0.04097806662321091
3.885967969894409,8649.8935546875,-0.040271878242492676
3.9210703372955322,5233.37646484375,-0.03963156417012215
3.876075506210327,7388.6474609375,-0.03879160434007645
