Entropy,Critic Loss,Actor Loss
5.480103969573975,70486.7890625,-0.09005561470985413
5.478892803192139,37316.38671875,-0.06365359574556351
