Entropy,Critic Loss,Actor Loss
3.988708257675171,57256.234375,-0.03993041440844536
3.988708257675171,57256.234375,-0.03993041440844536
3.988708734512329,57256.2265625,-0.03993041440844536
3.988708257675171,57256.21484375,-0.03993041813373566
3.9887077808380127,57256.203125,-0.03993041440844536
3.988708257675171,57256.1953125,-0.03993041440844536
3.9887077808380127,57256.1875,-0.03993041068315506
3.9887077808380127,57256.1875,-0.03993041068315506
3.9887077808380127,57256.17578125,-0.03993041068315506
3.988708734512329,57256.171875,-0.03993041813373566
