Entropy,Critic Loss,Actor Loss
4.203023433685303,4696.498046875,-0.0583786740899086
4.197094917297363,2230.77734375,-0.054524440318346024
4.216634273529053,2774.999755859375,-0.05086788907647133
4.239164352416992,7255.9140625,-0.04925517737865448
