Entropy,Critic Loss,Actor Loss
4.185575008392334,4968.25390625,-0.05456116050481796
4.194968223571777,2445.40087890625,-0.05703699588775635
4.207438945770264,2787.3193359375,-0.05616404116153717
4.158738613128662,7271.4619140625,-0.053743876516819
