Entropy,Critic Loss,Actor Loss
4.401283264160156,70519.6796875,-0.06956754624843597
4.400907516479492,37329.70703125,-0.0497792512178421
