Entropy,Critic Loss,Actor Loss
4.4001359939575195,70532.6640625,-0.06731286644935608
4.399484157562256,37337.953125,-0.05010166019201279
