Entropy,Critic Loss,Actor Loss
4.399332523345947,70505.9765625,-0.0678844228386879
4.399134635925293,37324.6796875,-0.04877706617116928
