Entropy,Critic Loss,Actor Loss
3.9262821674346924,6799.54931640625,-0.06439416110515594
3.932889938354492,8277.3447265625,-0.05821177363395691
3.9233787059783936,6650.62255859375,-0.05443933233618736
3.8498802185058594,5736.7861328125,-0.05369533598423004
3.9409677982330322,4365.57177734375,-0.051115378737449646
3.772372007369995,6014.212890625,-0.048796072602272034
3.898470401763916,4691.65380859375,-0.051706090569496155
3.9567737579345703,4944.30517578125,-0.05443565919995308
3.870532751083374,5078.5830078125,-0.052576564252376556
3.855473041534424,4685.005859375,-0.05441749095916748
3.66269850730896,6742.1708984375,-0.0485527403652668
3.7457504272460938,6224.12744140625,-0.048536501824855804
3.8533382415771484,4471.7197265625,-0.04819177836179733
3.860563039779663,5294.58984375,-0.04771055653691292
3.876521110534668,5432.814453125,-0.0482722744345665
3.874282121658325,6042.64794921875,-0.04963960498571396
3.862508535385132,4946.25390625,-0.04610075801610947
3.8610804080963135,6210.11474609375,-0.04987084120512009
3.863990545272827,5707.33056640625,-0.04727594926953316
3.83966326713562,6450.40380859375,-0.044466160237789154
3.822272300720215,8475.7265625,-0.050706278532743454
3.6937131881713867,10424.794921875,-0.04523921012878418
3.6800918579101562,6090.279296875,-0.04471220076084137
3.8573005199432373,7525.13037109375,-0.045978911221027374
3.7567317485809326,7002.4755859375,-0.04330660030245781
3.8569705486297607,7135.365234375,-0.04451292008161545
3.9068140983581543,7512.28515625,-0.04621151462197304
3.769110918045044,7345.025390625,-0.044890180230140686
3.7778854370117188,8518.7275390625,-0.04511689394712448
3.6639811992645264,6594.7060546875,-0.044680092483758926
3.64210844039917,6935.248046875,-0.0416436493396759
3.6555230617523193,6696.8037109375,-0.0403839647769928
3.4801368713378906,9654.2587890625,-0.04026435315608978
3.6414144039154053,7190.54833984375,-0.03946009278297424
3.6976683139801025,6609.30712890625,-0.039615802466869354
3.744800090789795,8331.7763671875,-0.03961141034960747
3.704007148742676,6171.24755859375,-0.03816545009613037
3.7071409225463867,8809.1318359375,-0.038226835429668427
3.6008200645446777,5528.11669921875,-0.03682566061615944
3.522327184677124,6844.92333984375,-0.03528503701090813
