Entropy,Critic Loss,Actor Loss
4.2212958335876465,6649.353515625,-0.06359976530075073
4.1791839599609375,8453.876953125,-0.057276707142591476
4.155649185180664,5885.74072265625,-0.05722741037607193
4.146381855010986,4833.4765625,-0.054947659373283386
4.141912937164307,4066.064208984375,-0.05457134544849396
4.076697826385498,5794.80517578125,-0.054566726088523865
4.034823894500732,4490.1494140625,-0.053037725389003754
4.026785373687744,4978.751953125,-0.05385325103998184
4.005585193634033,5429.0615234375,-0.054095834493637085
3.994144916534424,4688.86572265625,-0.053525812923908234
4.007714748382568,6273.326171875,-0.05407476797699928
3.9459872245788574,6140.04150390625,-0.0528525710105896
3.890881061553955,4405.10107421875,-0.05076146498322487
3.889714479446411,5184.34716796875,-0.054074712097644806
3.872666835784912,5981.189453125,-0.05134870857000351
3.9168360233306885,5217.93505859375,-0.05363842844963074
3.8935229778289795,4775.677734375,-0.051225900650024414
3.9040162563323975,5772.396484375,-0.05091731250286102
3.91713547706604,4651.0009765625,-0.05092761293053627
3.9820728302001953,6370.39111328125,-0.049824267625808716
3.979635715484619,7950.85302734375,-0.048795487731695175
3.9371767044067383,9904.15234375,-0.04734519124031067
3.9496116638183594,6212.5693359375,-0.050302352756261826
3.9257423877716064,6376.06201171875,-0.046181678771972656
3.949958562850952,6102.66845703125,-0.04915524274110794
3.9984171390533447,7064.52587890625,-0.048683058470487595
4.019379615783691,7266.85205078125,-0.046614132821559906
4.054692268371582,6527.6787109375,-0.04731351509690285
4.020660877227783,8117.4140625,-0.04644320160150528
4.042386531829834,6656.3564453125,-0.04517531767487526
4.038047790527344,6330.1640625,-0.04497801512479782
4.006733417510986,5620.39013671875,-0.043964315205812454
3.9787814617156982,8802.46875,-0.0442742258310318
3.9775092601776123,6328.3466796875,-0.04251544177532196
3.970750093460083,6546.49951171875,-0.042601328343153
3.9835093021392822,7236.07373046875,-0.04262980818748474
3.9613540172576904,6001.24267578125,-0.041231777518987656
3.9730424880981445,8355.5322265625,-0.04075198620557785
3.9407896995544434,5362.5693359375,-0.03983191028237343
3.953502655029297,7070.013671875,-0.03958355635404587
