Entropy,Critic Loss,Actor Loss
4.397749423980713,70525.0859375,-0.06928747147321701
4.397729873657227,37342.7265625,-0.051298923790454865
