Entropy,Critic Loss,Actor Loss
3.9691317081451416,5217.6376953125,-0.049906499683856964
3.9650144577026367,2674.7490234375,-0.051872462034225464
3.983494997024536,2791.099609375,-0.05129826068878174
4.098365306854248,7281.14892578125,-0.05450133979320526
