Entropy,Critic Loss,Actor Loss
4.035017967224121,5407.4208984375,-0.05665024369955063
3.9028608798980713,2929.4853515625,-0.05498512089252472
3.92716908454895,2843.50048828125,-0.05502740293741226
4.007032871246338,7290.716796875,-0.05219344422221184
