Entropy,Critic Loss,Actor Loss
4.215599060058594,57286.80859375,-0.04169422760605812
4.21560001373291,57271.58203125,-0.04170083999633789
4.215599536895752,57256.43359375,-0.04170738160610199
4.215599536895752,57241.34375,-0.04171392321586609
4.21560001373291,57226.36328125,-0.0417204424738884
4.215599060058594,57211.4296875,-0.04172687232494354
4.215599536895752,57196.49609375,-0.041733305901288986
4.215599536895752,57181.5078125,-0.041739754378795624
4.215599536895752,57166.453125,-0.041746120899915695
4.21560001373291,57151.2890625,-0.041752513498067856
4.304065227508545,101884.4296875,-0.04251925274729729
4.304065227508545,101863.296875,-0.04252013936638832
4.304065227508545,101841.78125,-0.042521703988313675
4.304065227508545,101819.8828125,-0.04252399131655693
4.304065227508545,101797.4921875,-0.04252677038311958
4.304065227508545,101774.6015625,-0.04252992942929268
4.304065227508545,101751.171875,-0.04253346100449562
4.304065227508545,101727.09375,-0.042537204921245575
4.304065227508545,101702.3828125,-0.04254129156470299
4.304065227508545,101676.9609375,-0.04254556819796562
