Entropy,Critic Loss,Actor Loss
5.2016682624816895,57269.1875,-0.05002531409263611
5.2016682624816895,57269.1796875,-0.05002531409263611
5.2016682624816895,57269.16796875,-0.05002531036734581
5.2016682624816895,57269.1640625,-0.05002531409263611
5.2016682624816895,57269.1484375,-0.05002531409263611
5.201667785644531,57269.13671875,-0.05002530664205551
5.2016682624816895,57269.13671875,-0.05002531409263611
5.2016682624816895,57269.125,-0.05002531409263611
5.2016682624816895,57269.109375,-0.05002531409263611
5.2016682624816895,57269.10546875,-0.05002531409263611
